{"cameraMode":{"drawMode":0,"name":"Shaded","section":"Shading Mode"},"sceneLighting":false,"audioPlay":false,"sceneViewState":{"showFog":true,"showMaterialUpdate":false,"showSkybox":false,"showFlares":true,"showImageEffects":true,"showParticleSystems":true},"in2DMode":false,"pivot":{"x":-0.0005254745483398438,"y":-3.4900364875793459,"z":-0.0900125503540039},"rotation":{"x":-0.17170694470405579,"y":0.31669971346855166,"z":-0.058552999049425128,"w":-0.9311050772666931},"size":33.696537017822269,"orthographic":false}