{"cameraMode":{"drawMode":0,"name":"Shaded","section":"Shading Mode"},"sceneLighting":true,"audioPlay":false,"sceneViewState":{"showFog":true,"showMaterialUpdate":false,"showSkybox":true,"showFlares":true,"showImageEffects":true,"showParticleSystems":true},"in2DMode":false,"pivot":{"x":-0.6332989931106567,"y":7.712165832519531,"z":-34.170135498046878},"rotation":{"x":-0.11864233016967774,"y":0.6595333814620972,"z":0.10621725022792816,"w":0.7349080443382263},"size":0.6501306295394898,"orthographic":false}