{"cameraMode":{"drawMode":0,"name":"Shaded","section":"Shading Mode"},"sceneLighting":true,"audioPlay":false,"sceneViewState":{"showFog":true,"showMaterialUpdate":false,"showSkybox":true,"showFlares":true,"showImageEffects":true,"showParticleSystems":true},"in2DMode":false,"pivot":{"x":-7.107751369476318,"y":1.5567529201507569,"z":-18.13530158996582},"rotation":{"x":0.0031765878666192295,"y":0.970619797706604,"z":0.01280215010046959,"w":-0.24030517041683198},"size":14.119227409362793,"orthographic":false}