{"cameraMode":{"drawMode":0,"name":"Shaded","section":"Shading Mode"},"sceneLighting":true,"audioPlay":false,"sceneViewState":{"showFog":true,"showMaterialUpdate":false,"showSkybox":true,"showFlares":true,"showImageEffects":true,"showParticleSystems":true},"in2DMode":false,"pivot":{"x":20.1025447845459,"y":9.9382905960083,"z":-94.43883514404297},"rotation":{"x":-0.0009497783030383289,"y":0.998687207698822,"z":0.012569243088364602,"w":0.050943970680236819},"size":10.449999809265137,"orthographic":false}