{"cameraMode":{"drawMode":0,"name":"Shaded","section":"Shading Mode"},"sceneLighting":true,"audioPlay":false,"sceneViewState":{"showFog":true,"showMaterialUpdate":false,"showSkybox":true,"showFlares":true,"showImageEffects":true,"showParticleSystems":true},"in2DMode":false,"pivot":{"x":5.530200004577637,"y":4.912472248077393,"z":-8.512322425842286},"rotation":{"x":-0.057510871440172198,"y":-0.8848865032196045,"z":0.11341544985771179,"w":-0.4482536315917969},"size":1.735363483428955,"orthographic":false}