{"cameraMode":{"drawMode":0,"name":"Shaded","section":"Shading Mode"},"sceneLighting":true,"audioPlay":false,"sceneViewState":{"showFog":true,"showMaterialUpdate":false,"showSkybox":true,"showFlares":true,"showImageEffects":true,"showParticleSystems":true},"in2DMode":false,"pivot":{"x":27.885459899902345,"y":5.290633678436279,"z":-41.518775939941409},"rotation":{"x":-0.00402138102799654,"y":0.9583812355995178,"z":0.013514067977666855,"w":0.28515350818634035},"size":25.528854370117189,"orthographic":false}