{"cameraMode":{"drawMode":0,"name":"Shaded","section":"Shading Mode"},"sceneLighting":true,"audioPlay":false,"sceneViewState":{"showFog":true,"showMaterialUpdate":false,"showSkybox":true,"showFlares":true,"showImageEffects":true,"showParticleSystems":true},"in2DMode":false,"pivot":{"x":6.869955539703369,"y":-4.4541916847229,"z":-0.04547460377216339},"rotation":{"x":0.2885323464870453,"y":0.6360337138175964,"z":-0.27833470702171328,"w":0.6593545079231262},"size":5.065894603729248,"orthographic":false}