{"cameraMode":{"drawMode":0,"name":"Shaded","section":"Shading Mode"},"sceneLighting":true,"audioPlay":false,"sceneViewState":{"showFog":true,"showMaterialUpdate":false,"showSkybox":true,"showFlares":true,"showImageEffects":true,"showParticleSystems":true},"in2DMode":false,"pivot":{"x":-0.6862187385559082,"y":1.4671357870101929,"z":3.0816216468811037},"rotation":{"x":-0.07614035904407501,"y":0.7954368591308594,"z":-0.10222133994102478,"w":-0.5924830436706543},"size":2.8804941177368166,"orthographic":false}